{
 "eyes": {
 "rs12913832": {
 "AA": {
 "blue": [ 0.0060606 ],
"green": [ 0.018182 ],
"hazel": [ 0.082192 ],
"brown": [ 0.41176 ] 
},
"AG": {
 "blue": [ 0.018182 ],
"green": [ 0.25455 ],
"hazel": [ 0.56164 ],
"brown": [ 0.58403 ] 
},
"GG": {
 "blue": [ 0.97576 ],
"green": [ 0.72727 ],
"hazel": [ 0.35616 ],
"brown": [ 0.0042017 ] 
} 
},
"rs1800407": {
 "CC": {
 "blue": [ 0.92727 ],
"green": [ 0.85455 ],
"hazel": [ 0.73973 ],
"brown": [ 0.86555 ] 
},
"CT": {
 "blue": [ 0.054545 ],
"green": [ 0.12727 ],
"hazel": [ 0.23288 ],
"brown": [ 0.13025 ] 
},
"TT": {
 "blue": [ 0.018182 ],
"green": [ 0.018182 ],
"hazel": [ 0.027397 ],
"brown": [ 0.0042017 ] 
} 
},
"rs12896399": {
 "GG": {
 "blue": [ 0.19394 ],
"green": [ 0.34545 ],
"hazel": [ 0.45205 ],
"brown": [ 0.40756 ] 
},
"GT": {
 "blue": [ 0.49697 ],
"green": [ 0.47273 ],
"hazel": [ 0.39726 ],
"brown": [ 0.44538 ] 
},
"TT": {
 "blue": [ 0.30909 ],
"green": [ 0.18182 ],
"hazel": [ 0.15068 ],
"brown": [ 0.14706 ] 
} 
},
"rs16891982": {
 "CC": {
 "blue": [ 0.0060606 ],
"green": [ 0.018182 ],
"hazel": [ 0.027397 ],
"brown": [ 0.13025 ] 
},
"CG": {
 "blue": [ 0.048485 ],
"green": [ 0.12727 ],
"hazel": [ 0.17808 ],
"brown": [ 0.19748 ] 
},
"GG": {
 "blue": [ 0.94545 ],
"green": [ 0.85455 ],
"hazel": [ 0.79452 ],
"brown": [ 0.67227 ] 
} 
},
"rs1393350": {
 "AA": {
 "blue": [ 0.10909 ],
"green": [ 0.090909 ],
"hazel": [ 0.09589 ],
"brown": [ 0.063025 ] 
},
"AG": {
 "blue": [ 0.4303 ],
"green": [ 0.30909 ],
"hazel": [ 0.31507 ],
"brown": [ 0.36975 ] 
},
"GG": {
 "blue": [ 0.46061 ],
"green": [    0.6 ],
"hazel": [ 0.58904 ],
"brown": [ 0.56723 ] 
} 
},
"rs12203592": {
 "CC": {
 "blue": [ 0.61818 ],
"green": [ 0.70909 ],
"hazel": [ 0.67123 ],
"brown": [ 0.79832 ] 
},
"CT": {
 "blue": [ 0.32121 ],
"green": [ 0.23636 ],
"hazel": [ 0.27397 ],
"brown": [ 0.18487 ] 
},
"TT": {
 "blue": [ 0.060606 ],
"green": [ 0.054545 ],
"hazel": [ 0.054795 ],
"brown": [ 0.016807 ] 
} 
},
"main_rs": "rs12913832",
"threshold":   0.56,
"chr_pos": {
 "rs12913832": {
 "chr": 15,
"pos": 28365618 
},
"rs1800407": {
 "chr": 15,
"pos": 28230318 
},
"rs12896399": {
 "chr": 14,
"pos": 92773663 
},
"rs16891982": {
 "chr": 5,
"pos": 33951693 
},
"rs1393350": {
 "chr": 11,
"pos": 89011046 
},
"rs12203592": {
 "chr": 6,
"pos": 396321 
} 
} 
},
"hair": {
 "rs12913832": {
 "AA": {
 "blond": [  0.025 ],
"brown": [ 0.1405 ],
"red": [ 0.047619 ],
"black": [ 0.67391 ] 
},
"AG": {
 "blond": [  0.175 ],
"brown": [ 0.42975 ],
"red": [ 0.42857 ],
"black": [ 0.21739 ] 
},
"GG": {
 "blond": [    0.8 ],
"brown": [ 0.42975 ],
"red": [ 0.52381 ],
"black": [ 0.1087 ] 
} 
},
"rs12203592": {
 "CC": {
 "blond": [ 0.82051 ],
"brown": [ 0.70248 ],
"red": [ 0.31818 ],
"black": [ 0.63043 ] 
},
"CT": {
 "blond": [ 0.10256 ],
"brown": [ 0.27273 ],
"red": [ 0.63636 ],
"black": [ 0.32609 ] 
},
"TT": {
 "blond": [ 0.076923 ],
"brown": [ 0.024793 ],
"red": [ 0.045455 ],
"black": [ 0.043478 ] 
} 
},
"rs1042602": {
 "AA": {
 "blond": [  0.175 ],
"brown": [ 0.14167 ],
"red": [ 0.13636 ],
"black": [ 0.021739 ] 
},
"AC": {
 "blond": [    0.5 ],
"brown": [    0.5 ],
"red": [ 0.54545 ],
"black": [ 0.23913 ] 
},
"CC": {
 "blond": [  0.325 ],
"brown": [ 0.35833 ],
"red": [ 0.31818 ],
"black": [ 0.73913 ] 
} 
},
"rs4959270": {
 "AA": {
 "blond": [ 0.10256 ],
"brown": [ 0.19008 ],
"red": [ 0.36364 ],
"black": [ 0.28261 ] 
},
"AC": {
 "blond": [ 0.48718 ],
"brown": [ 0.54545 ],
"red": [    0.5 ],
"black": [ 0.41304 ] 
},
"CC": {
 "blond": [ 0.41026 ],
"brown": [ 0.26446 ],
"red": [ 0.13636 ],
"black": [ 0.30435 ] 
} 
},
"rs683": {
 "AA": {
 "blond": [  0.525 ],
"brown": [ 0.33058 ],
"red": [    0.5 ],
"black": [ 0.15217 ] 
},
"AC": {
 "blond": [  0.375 ],
"brown": [ 0.53719 ],
"red": [ 0.40909 ],
"black": [ 0.34783 ] 
},
"CC": {
 "blond": [    0.1 ],
"brown": [ 0.13223 ],
"red": [ 0.090909 ],
"black": [    0.5 ] 
} 
},
"rs1800407": {
 "CC": {
 "blond": [  0.825 ],
"brown": [ 0.8595 ],
"red": [ 0.61905 ],
"black": [ 0.84783 ] 
},
"CT": {
 "blond": [  0.125 ],
"brown": [ 0.13223 ],
"red": [ 0.33333 ],
"black": [ 0.13043 ] 
},
"TT": {
 "blond": [   0.05 ],
"brown": [ 0.0082645 ],
"red": [ 0.047619 ],
"black": [ 0.021739 ] 
} 
},
"rs2402130": {
 "AA": {
 "blond": [  0.725 ],
"brown": [ 0.66116 ],
"red": [ 0.57143 ],
"black": [ 0.69565 ] 
},
"AG": {
 "blond": [  0.225 ],
"brown": [ 0.31405 ],
"red": [ 0.33333 ],
"black": [ 0.17391 ] 
},
"GG": {
 "blond": [   0.05 ],
"brown": [ 0.024793 ],
"red": [ 0.095238 ],
"black": [ 0.13043 ] 
} 
},
"rs12821256": {
 "CC": {
 "blond": [   0.05 ],
"brown": [ 0.0082645 ],
"red": [ 0.045455 ],
"black": [ 0.021739 ] 
},
"CT": {
 "blond": [  0.275 ],
"brown": [ 0.18182 ],
"red": [ 0.18182 ],
"black": [ 0.065217 ] 
},
"TT": {
 "blond": [  0.675 ],
"brown": [ 0.80992 ],
"red": [ 0.77273 ],
"black": [ 0.91304 ] 
} 
},
"rs16891982": {
 "CC": {
 "blond": [ 0.029412 ],
"brown": [ 0.028037 ],
"red": [   0.05 ],
"black": [ 0.53488 ] 
},
"CG": {
 "blond": [ 0.058824 ],
"brown": [ 0.14019 ],
"red": [    0.1 ],
"black": [ 0.23256 ] 
},
"GG": {
 "blond": [ 0.91176 ],
"brown": [ 0.83178 ],
"red": [   0.85 ],
"black": [ 0.23256 ] 
} 
},
"rs2378249": {
 "AA": {
 "blond": [ 0.48571 ],
"brown": [ 0.78947 ],
"red": [    0.7 ],
"black": [ 0.67442 ] 
},
"AG": {
 "blond": [ 0.45714 ],
"brown": [ 0.19298 ],
"red": [    0.2 ],
"black": [ 0.25581 ] 
},
"GG": {
 "blond": [ 0.057143 ],
"brown": [ 0.017544 ],
"red": [    0.1 ],
"black": [ 0.069767 ] 
} 
},
"gen_MC1R_1": {
 "ww": {
 "blond": [   0.55 ],
"brown": [ 0.71901 ],
"red": [ 0.18182 ],
"black": [ 0.8913 ] 
},
"Rw": {
 "blond": [    0.4 ],
"brown": [ 0.27273 ],
"red": [ 0.36364 ],
"black": [ 0.086957 ] 
},
"RR": {
 "blond": [   0.05 ],
"brown": [ 0.0082645 ],
"red": [ 0.45455 ],
"black": [ 0.021739 ] 
},
"snps": [ "rs1805006", "rs11547464", "rs1805007", "rs1805008" ] 
},
"gen_MC1R_2": {
 "ww": {
 "blond": [    0.6 ],
"brown": [ 0.47107 ],
"red": [ 0.81818 ],
"black": [ 0.43478 ] 
},
"Rw": {
 "blond": [    0.3 ],
"brown": [ 0.42149 ],
"red": [ 0.13636 ],
"black": [ 0.23913 ] 
},
"RR": {
 "blond": [    0.1 ],
"brown": [ 0.10744 ],
"red": [ 0.045455 ],
"black": [ 0.32609 ] 
},
"snps": [ "rs1110400", "rs1805005", "rs2228479", "rs885479" ] 
},
"main_rs": [ "rs16891982", "rs683", "rs12913832", "rs12203592", "rs1042602" ],
"threshold":   0.75,
"chr_pos": {
 "rs12913832": {
 "chr": 15,
"pos": 28365618 
},
"rs12203592": {
 "chr": 6,
"pos": 396321 
},
"rs1042602": {
 "chr": 11,
"pos": 88911696 
},
"rs4959270": {
 "chr": 6,
"pos": 457748 
},
"rs683": {
 "chr": 9,
"pos": 12709305 
},
"rs1800407": {
 "chr": 15,
"pos": 28230318 
},
"rs2402130": {
 "chr": 14,
"pos": 92801203 
},
"rs12821256": {
 "chr": 12,
"pos": 89328335 
},
"rs16891982": {
 "chr": 5,
"pos": 33951693 
},
"rs2378249": {
 "chr": 20,
"pos": 33218090 
},
"rs1805006": {
 "chr": 16,
"pos": 89985918 
},
"rs11547464": {
 "chr": 16,
"pos": 89986091 
},
"rs1805007": {
 "chr": 16,
"pos": 89986117 
},
"rs1805008": {
 "chr": 16,
"pos": 89986144 
},
"rs1110400": {
 "chr": 16,
"pos": 89986130 
},
"rs1805005": {
 "chr": 16,
"pos": 89985844 
},
"rs2228479": {
 "chr": 16,
"pos": 89985940 
},
"rs885479": {
 "chr": 16,
"pos": 89986154 
} 
} 
},
"skin": {
 "rs10777129": {
 "AA": {
 "white": [ 0.0199 ],
"inter": [ 0.15789 ],
"black": [ 0.64655 ] 
},
"AG": {
 "white": [ 0.1592 ],
"inter": [ 0.33333 ],
"black": [ 0.31897 ] 
},
"GG": {
 "white": [ 0.8209 ],
"inter": [ 0.50877 ],
"black": [ 0.034483 ] 
} 
},
"rs13289": {
 "CC": {
 "white": [ 0.14428 ],
"inter": [ 0.11696 ],
"black": [ 0.68966 ] 
},
"CG": {
 "white": [ 0.40299 ],
"inter": [ 0.53216 ],
"black": [   0.25 ] 
},
"GG": {
 "white": [ 0.45274 ],
"inter": [ 0.35088 ],
"black": [ 0.060345 ] 
} 
},
"rs1408799": {
 "CC": {
 "white": [ 0.45274 ],
"inter": [ 0.040936 ],
"black": [ 0.017241 ] 
},
"CT": {
 "white": [ 0.43781 ],
"inter": [ 0.22222 ],
"black": [ 0.25862 ] 
},
"TT": {
 "white": [ 0.10945 ],
"inter": [ 0.73684 ],
"black": [ 0.72414 ] 
} 
},
"rs1426654": {
 "AA": {
 "white": [ 0.9801 ],
"inter": [ 0.11696 ],
"black": [ 0.017241 ] 
},